project_id,snapshot_week,staffing_level,weeks_observed,week_progress,staffing_delta,staffing_roll_std_3
A,1,10,3,0.3333333333333333,0.0,0.0
A,2,9,3,0.6666666666666666,-1.0,0.7071067811865476
A,3,11,3,1.0,2.0,1.0
B,1,5,2,0.5,0.0,0.0
B,2,7,2,1.0,2.0,1.4142135623730951
